City_ID,City,Country,Date,Lat,Lng,Max Temp,Humidity,Cloudiness,Wind Speed,City_weather
0,Saint George,US,2022-09-27 02:21:04,37.1041,-113.5841,90.19,19,0,3.44,Clear
1,Bozeman,US,2022-09-27 02:21:04,45.6796,-111.0386,69.22,57,0,6.91,Clear
2,Taltal,CL,2022-09-27 02:21:05,-25.4,-70.4833,58.39,69,0,5.35,Clear
3,Ushuaia,AR,2022-09-27 02:17:51,-54.8,-68.3,40.66,65,40,13.8,Clouds
4,Hofn,IS,2022-09-27 02:21:05,64.2539,-15.2082,40.41,53,48,22.57,Clouds
5,East London,ZA,2022-09-27 02:20:11,-33.0153,27.9116,64.76,92,100,22.5,Rain
6,Kalispell,US,2022-09-27 02:21:05,48.1958,-114.3129,65.68,61,0,4.61,Clear
7,Poum,NC,2022-09-27 02:21:06,-20.2333,164.0167,77.34,72,1,10.8,Clear
8,Rikitea,PF,2022-09-27 02:19:36,-23.1203,-134.9692,68.45,58,91,7.09,Clouds
9,Puerto Ayora,EC,2022-09-27 02:17:31,-0.7393,-90.3518,65.55,96,98,5.01,Clouds
10,Bambous Virieux,MU,2022-09-27 02:21:06,-20.3428,57.7575,70.21,68,20,16.11,Clouds
11,Chuy,UY,2022-09-27 02:21:06,-33.6971,-53.4616,56.01,96,6,5.32,Clear
12,Cabo San Lucas,MX,2022-09-27 02:19:26,22.8909,-109.9124,86.05,85,5,7.45,Clear
13,Sturgeon Falls,CA,2022-09-27 02:21:07,46.3646,-79.9326,54.9,94,100,6.69,Clouds
14,Kurilsk,RU,2022-09-27 02:21:07,45.2333,147.8833,62.56,78,47,8.95,Clouds
15,Hithadhoo,MV,2022-09-27 02:21:07,-0.6,73.0833,82.56,72,89,15.79,Rain
16,Mahebourg,MU,2022-09-27 02:21:08,-20.4081,57.7,70.25,68,20,16.11,Clouds
17,Puerto Baquerizo Moreno,EC,2022-09-27 02:21:08,-0.9,-89.6,67.66,83,100,15.14,Clouds
18,Kotido,UG,2022-09-27 02:21:08,2.9806,34.1331,69.78,60,15,15.52,Clouds
19,Cayenne,GF,2022-09-27 02:21:09,4.9333,-52.3333,78.84,83,0,3.44,Clear
20,Hobart,AU,2022-09-27 02:21:09,-42.8794,147.3294,62.26,73,75,5.75,Clouds
21,Alenquer,BR,2022-09-27 02:21:09,-1.9417,-54.7383,76.73,75,33,3.31,Clouds
22,Saskylakh,RU,2022-09-27 02:21:10,71.9167,114.0833,32.13,82,100,14.38,Clouds
23,Busselton,AU,2022-09-27 02:21:10,-33.65,115.3333,61.11,67,0,0.72,Clear
24,Yellowknife,CA,2022-09-27 02:21:10,62.456,-114.3525,50.56,62,75,15.01,Clouds
25,Hokitika,NZ,2022-09-27 02:21:10,-42.7167,170.9667,59.49,58,98,4.68,Rain
26,Ibatiba,BR,2022-09-27 02:21:11,-20.2339,-41.5106,62.01,95,10,2.62,Clear
27,Albany,US,2022-09-27 02:21:11,42.6001,-73.9662,55.92,86,1,4.38,Clear
28,Tuktoyaktuk,CA,2022-09-27 02:21:11,69.4541,-133.0374,30.2,86,75,17.27,Clouds
29,Guerrero Negro,MX,2022-09-27 02:21:12,27.9769,-114.0611,75.6,78,0,12.66,Clear
30,Coquimbo,CL,2022-09-27 02:21:12,-29.9533,-71.3436,53.33,82,0,1.14,Clear
31,San Quintin,MX,2022-09-27 02:21:12,30.4833,-115.95,73.22,78,0,13.44,Clear
32,Langxiang,CN,2022-09-27 02:21:12,46.95,128.8833,62.08,41,0,4.79,Clear
33,Bengkulu,ID,2022-09-27 02:19:44,-3.8004,102.2655,80.17,78,100,4.59,Clouds
34,Kloulklubed,PW,2022-09-27 02:21:13,7.0419,134.2556,81.1,74,100,8.28,Clouds
35,Vostok,RU,2022-09-27 02:21:13,46.4856,135.8833,55.4,41,0,8.7,Clear
36,Uddevalla,SE,2022-09-27 02:21:13,58.3478,11.9424,52.0,95,100,1.01,Clouds
37,Khatanga,RU,2022-09-27 02:21:14,71.9667,102.5,26.82,97,53,9.35,Clouds
38,Kaitangata,NZ,2022-09-27 02:21:14,-46.2817,169.8464,59.31,72,100,4.88,Rain
39,Mataura,NZ,2022-09-27 02:21:14,-46.1927,168.8643,59.83,78,100,1.95,Clouds
40,New Norfolk,AU,2022-09-27 02:21:15,-42.7826,147.0587,61.92,72,85,2.62,Clouds
41,Ponta Do Sol,PT,2022-09-27 02:21:15,32.6667,-17.1,70.72,69,52,7.56,Clouds
42,Castro,BR,2022-09-27 02:21:15,-24.7911,-50.0119,53.87,97,100,1.48,Clouds
43,Sinnai,IT,2022-09-27 02:21:16,39.3042,9.2036,66.51,68,0,6.91,Clear
44,Arraial Do Cabo,BR,2022-09-27 02:21:16,-22.9661,-42.0278,68.63,90,100,14.43,Rain
45,Mazatlan,MX,2022-09-27 02:17:22,23.2167,-106.4167,87.03,90,40,0.0,Clouds
46,Coxim,BR,2022-09-27 02:21:16,-18.5067,-54.76,77.99,75,98,6.49,Clouds
47,Zyryanka,RU,2022-09-27 02:30:09,65.75,150.85,40.19,55,100,3.6,Clouds
48,Isangel,VU,2022-09-27 02:30:10,-19.55,169.2667,81.41,71,33,3.62,Clouds
49,Constitucion,CL,2022-09-27 02:30:10,-35.3333,-72.4167,50.32,88,15,7.4,Clouds
50,Kavaratti,IN,2022-09-27 02:30:10,10.5669,72.642,81.25,75,39,15.37,Clouds
51,Mbuguni,TZ,2022-09-27 02:30:11,-3.5667,36.95,62.98,85,39,5.03,Clouds
52,Batagay-Alyta,RU,2022-09-27 02:30:11,67.8006,130.4114,26.98,78,97,3.94,Clouds
53,Saint-Augustin,CA,2022-09-27 02:30:11,51.226,-58.6502,56.46,98,100,14.09,Clouds
54,Vardo,NO,2022-09-27 02:30:12,70.3705,31.1107,44.58,93,100,2.3,Clouds
55,Iqaluit,CA,2022-09-27 02:30:12,63.7506,-68.5145,40.73,86,100,11.5,Clouds
56,Jamestown,US,2022-09-27 02:30:12,42.097,-79.2353,51.19,78,100,14.0,Rain
57,Atuona,PF,2022-09-27 02:30:12,-9.8,-139.0333,76.71,78,36,22.19,Rain
58,Soyo,AO,2022-09-27 02:30:13,-6.1349,12.3689,74.21,86,96,9.93,Clouds
59,Sitka,US,2022-09-27 02:30:13,57.0531,-135.33,55.29,88,100,13.8,Mist
60,Haines Junction,CA,2022-09-27 02:30:13,60.7522,-137.5108,51.75,50,100,3.44,Clouds
61,Mar Del Plata,AR,2022-09-27 02:30:05,-38.0023,-57.5575,57.09,94,100,4.61,Fog
62,Komsomolskiy,UZ,2022-09-27 02:30:14,40.4272,71.7189,61.52,41,0,0.0,Clear
63,Deputatskiy,RU,2022-09-27 02:30:14,69.3,139.9,22.48,92,100,5.35,Snow
64,Kapaa,US,2022-09-27 02:30:15,22.0752,-159.319,84.18,71,20,11.5,Clouds
65,Hamilton,US,2022-09-27 02:30:15,39.1834,-84.5333,59.86,65,0,5.75,Clear
66,Cape Town,ZA,2022-09-27 02:28:59,-33.9258,18.4232,55.11,85,0,4.61,Clear
67,Tasiilaq,GL,2022-09-27 02:30:15,65.6145,-37.6368,39.36,93,100,4.18,Clouds
68,Butaritari,KI,2022-09-27 02:30:15,3.0707,172.7902,82.4,70,28,17.83,Clouds
69,Ribeira Grande,PT,2022-09-27 02:30:16,38.5167,-28.7,70.47,71,100,12.68,Clouds
70,Hambantota,LK,2022-09-27 02:30:16,6.1241,81.1185,84.54,74,19,6.91,Clouds
71,Beihai,CN,2022-09-27 02:30:17,21.4833,109.1,86.7,61,61,10.11,Clouds
72,Grand Gaube,MU,2022-09-27 02:30:17,-20.0064,57.6608,70.38,66,38,7.0,Clouds
73,Saint-Philippe,RE,2022-09-27 02:30:17,-21.3585,55.7679,67.59,72,45,9.78,Clouds
74,Caraballeda,VE,2022-09-27 02:30:17,10.6112,-66.8522,82.87,86,40,2.3,Clouds
75,Hilo,US,2022-09-27 02:29:29,19.7297,-155.09,87.28,66,0,5.75,Clear
76,Bluff,NZ,2022-09-27 02:30:18,-46.6,168.3333,54.03,88,100,1.01,Clouds
77,Cidreira,BR,2022-09-27 02:30:18,-30.1811,-50.2056,62.46,86,19,5.5,Clouds
78,Kuliyapitiya,LK,2022-09-27 02:30:18,7.4688,80.0401,82.08,72,36,7.16,Clouds
79,Jacareacanga,BR,2022-09-27 02:30:19,-6.2222,-57.7528,79.79,64,96,2.59,Clouds
80,Suba,PH,2022-09-27 02:30:19,10.8438,121.0102,82.35,82,100,23.06,Clouds
81,Aspindza,GE,2022-09-27 02:30:19,41.5739,43.2483,50.29,49,0,5.39,Clear
82,Barrow,US,2022-09-27 02:30:20,71.2906,-156.7887,30.22,74,100,12.66,Clouds
83,Bilibino,RU,2022-09-27 02:30:20,68.0546,166.4372,29.91,55,68,2.15,Clouds
84,Airai,TL,2022-09-27 02:30:20,-8.9266,125.4092,80.91,32,96,2.24,Clouds
85,Balkhash,KZ,2022-09-27 02:30:20,46.844,74.9804,50.61,53,0,11.18,Clear
86,Palmer,US,2022-09-27 02:30:21,42.1584,-72.3287,59.86,87,20,3.44,Clouds
87,Pitimbu,BR,2022-09-27 02:30:21,-7.4706,-34.8086,75.79,78,12,11.45,Clouds
88,North Platte,US,2022-09-27 02:30:21,41.1239,-100.7654,68.38,54,0,5.99,Clear
89,Toora-Khem,RU,2022-09-27 02:30:22,52.4675,96.11,44.64,86,100,4.09,Clouds
90,Armizonskoye,RU,2022-09-27 02:30:22,55.9461,67.6736,28.42,95,97,15.35,Snow
91,Punta Arenas,CL,2022-09-27 02:28:55,-53.15,-70.9167,41.11,81,0,20.71,Clear
92,Geraldton,AU,2022-09-27 02:31:02,-28.7667,114.6,75.61,31,0,13.8,Clear
93,Qaanaaq,GL,2022-09-27 02:31:22,77.484,-69.3632,25.63,83,81,6.6,Clouds
94,Nikolskoye,RU,2022-09-27 02:31:23,59.7035,30.7861,44.78,92,100,3.4,Clouds
95,Brae,GB,2022-09-27 02:31:23,60.3964,-1.353,47.39,80,99,12.73,Rain
96,Invercargill,NZ,2022-09-27 02:31:04,-46.4,168.35,57.58,78,100,1.77,Clouds
97,Shingu,JP,2022-09-27 02:31:23,33.7333,135.9833,77.41,85,64,7.94,Clouds
98,Laje,BR,2022-09-27 02:31:24,-10.1833,-40.9667,70.23,54,1,9.15,Clear
99,Zeya,RU,2022-09-27 02:31:24,53.75,127.2667,44.17,55,100,8.9,Clouds
100,Ust-Kut,RU,2022-09-27 02:31:24,56.7938,105.7672,35.38,84,100,6.73,Clouds
101,Kovdor,RU,2022-09-27 02:31:25,67.5662,30.4758,41.58,97,100,2.26,Clouds
102,Ilhabela,BR,2022-09-27 02:29:37,-23.7781,-45.3581,67.66,91,100,6.87,Clouds
103,Hermanus,ZA,2022-09-27 02:31:25,-34.4187,19.2345,55.0,82,5,5.41,Clear
104,Malpe,IN,2022-09-27 02:31:25,13.35,74.7167,78.1,82,100,3.94,Clouds
105,Livingstone,ZM,2022-09-27 02:31:25,-17.8419,25.8543,70.43,32,2,3.67,Clear
106,Souillac,MU,2022-09-27 02:31:26,-20.5167,57.5167,70.18,68,20,16.11,Clouds
107,Rundu,NA,2022-09-27 02:31:26,-17.9333,19.7667,68.43,25,58,3.8,Clouds
108,Clyde River,CA,2022-09-27 02:31:26,70.4692,-68.5914,34.03,93,100,3.44,Clouds
109,Bethel,US,2022-09-27 02:29:06,41.3712,-73.414,66.56,83,0,0.0,Clear
110,Yerbogachen,RU,2022-09-27 02:31:27,61.2767,108.0108,33.4,82,99,6.4,Clouds
111,Severo-Kurilsk,RU,2022-09-27 02:31:27,50.6789,156.125,52.47,73,8,4.88,Clear
112,Sao Joao Da Barra,BR,2022-09-27 02:31:27,-21.6403,-41.0511,70.95,87,100,14.12,Clouds
113,Vaini,TO,2022-09-27 02:31:27,-21.2,-175.2,78.96,83,75,9.22,Clouds
114,Pacifica,US,2022-09-27 02:30:45,37.6138,-122.4869,67.57,90,20,18.41,Clouds
115,Camacha,PT,2022-09-27 02:31:28,33.0833,-16.3333,65.62,64,20,10.36,Clouds
116,Itarema,BR,2022-09-27 02:28:10,-2.9248,-39.9167,78.31,82,34,14.97,Clouds
117,Ternate,ID,2022-09-27 02:31:28,0.8,127.4,83.48,70,62,4.65,Clouds
118,Turtas,RU,2022-09-27 02:31:28,58.9417,69.1325,28.54,83,100,8.12,Clouds
119,Moyale,KE,2022-09-27 02:31:29,3.5167,39.0584,63.63,90,62,8.39,Clouds
120,Riyadh,SA,2022-09-27 02:29:03,24.6877,46.7219,73.54,24,0,8.46,Clear
121,Nuuk,GL,2022-09-27 02:31:29,64.1835,-51.7216,47.01,76,75,32.21,Rain
122,Port-Gentil,GA,2022-09-27 02:31:29,-0.7193,8.7815,76.5,85,100,11.74,Rain
123,Ilulissat,GL,2022-09-27 02:31:30,69.2167,-51.1,37.42,87,100,1.14,Rain
124,Jalu,LY,2022-09-27 02:31:30,29.0331,21.5482,75.56,45,0,6.26,Clear
125,Chokurdakh,RU,2022-09-27 02:31:30,70.6333,147.9167,32.2,61,98,15.97,Clouds
126,Petropavlovsk-Kamchatskiy,RU,2022-09-27 02:27:07,53.0452,158.6483,48.79,87,100,8.95,Clouds
127,Teya,RU,2022-09-27 02:31:31,60.3778,92.6267,32.49,68,96,1.61,Clouds
128,Avarua,CK,2022-09-27 02:31:31,-21.2078,-159.775,78.85,83,75,13.8,Clouds
129,Okha,RU,2022-09-27 02:31:31,53.5739,142.9478,48.87,61,100,21.09,Clouds
130,San Jeronimo,PE,2022-09-27 02:31:32,-11.9472,-75.2829,46.45,85,100,1.28,Clouds
131,Port Hardy,CA,2022-09-27 02:30:24,50.6996,-127.4199,60.98,88,40,6.91,Clouds
132,Maxixe,MZ,2022-09-27 02:31:32,-23.8597,35.3472,71.47,96,9,7.07,Clear
133,Warrington,GB,2022-09-27 02:31:32,53.3925,-2.5802,50.99,85,75,10.36,Rain
134,Balancan,MX,2022-09-27 02:31:33,17.8,-91.5333,73.8,93,23,5.95,Clouds
135,Pujili,EC,2022-09-27 02:31:33,-0.95,-78.6833,47.48,76,20,5.75,Clouds
136,Buchanan,LR,2022-09-27 02:31:33,5.8808,-10.0467,73.94,90,95,2.24,Clouds
137,Aklavik,CA,2022-09-27 02:32:34,68.2191,-135.0107,33.76,81,100,11.7,Clouds
138,Kruisfontein,ZA,2022-09-27 02:32:34,-34.0033,24.7314,59.88,93,100,19.3,Rain
139,Esperance,AU,2022-09-27 02:32:34,-33.8667,121.9,62.73,59,0,1.83,Clear
140,Mamallapuram,IN,2022-09-27 02:32:34,12.6264,80.1722,86.05,57,59,9.95,Clouds
141,Thinadhoo,MV,2022-09-27 02:32:35,0.5333,72.9333,81.25,76,38,14.32,Clouds
142,Vila Velha,BR,2022-09-27 02:32:35,-20.3297,-40.2925,71.55,90,75,2.3,Clouds
143,Hami,CN,2022-09-27 02:32:35,42.8,93.45,77.68,18,0,8.23,Clear
144,Raudeberg,NO,2022-09-27 02:32:36,61.9875,5.1352,45.95,1,100,10.92,Clouds
145,Upernavik,GL,2022-09-27 02:32:36,72.7868,-56.1549,36.46,69,100,6.91,Clouds
146,Sioux Lookout,CA,2022-09-27 02:30:24,50.1001,-91.917,39.27,75,75,3.44,Clouds
147,Cherskiy,RU,2022-09-27 02:32:36,68.75,161.3,35.8,46,10,5.26,Clear
148,Provideniya,RU,2022-09-27 02:32:37,64.3833,-173.3,42.91,93,100,11.18,Rain
149,Zlitan,LY,2022-09-27 02:32:37,32.4674,14.5687,82.72,50,100,6.42,Clouds
150,Bredasdorp,ZA,2022-09-27 02:32:37,-34.5322,20.0403,50.54,89,2,3.27,Clear
151,Kodiak,US,2022-09-27 02:32:37,57.79,-152.4072,47.71,76,0,0.0,Rain
152,Iralaya,HN,2022-09-27 02:32:38,15.0,-83.2333,79.79,82,69,4.56,Clouds
153,Fortuna,US,2022-09-27 02:32:38,40.5982,-124.1573,59.34,89,33,1.83,Clouds
154,Chanute,US,2022-09-27 02:32:38,37.6792,-95.4572,64.08,28,4,7.38,Clear
155,Carnarvon,AU,2022-09-27 02:32:38,-24.8667,113.6333,76.37,27,4,16.44,Clear
156,Hays,US,2022-09-27 02:32:39,30.0502,-98.0336,79.03,37,0,4.0,Clear
157,Vanimo,PG,2022-09-27 02:32:39,-2.6741,141.3028,87.08,63,43,9.1,Clouds
158,Amahai,ID,2022-09-27 02:32:39,-3.3333,128.9167,85.39,66,98,4.79,Clouds
159,El Retorno,CO,2022-09-27 02:32:40,2.3302,-72.6276,74.53,87,14,0.83,Clouds
160,Richards Bay,ZA,2022-09-27 02:32:40,-28.783,32.0377,71.29,90,99,9.31,Clouds
161,Ahipara,NZ,2022-09-27 02:32:40,-35.1667,173.1667,64.4,66,43,13.6,Clouds
162,Pailon,BO,2022-09-27 02:32:41,-17.65,-62.75,74.3,61,100,8.12,Clouds
163,Port Elizabeth,ZA,2022-09-27 02:32:41,-33.918,25.5701,62.89,88,100,20.71,Clouds
164,Uarini,BR,2022-09-27 02:32:41,-2.99,-65.1083,78.85,69,80,1.36,Clouds
165,Codrington,AU,2022-09-27 02:32:41,-38.2667,141.9667,55.54,93,97,19.6,Clouds
166,Patacamaya,BO,2022-09-27 02:32:42,-17.2333,-67.9167,43.09,78,56,6.31,Clouds
167,Khani,GE,2022-09-27 02:32:42,41.9563,42.9566,45.97,51,0,7.34,Clear
168,Saint Anthony,US,2022-09-27 02:32:42,45.0205,-93.218,55.65,64,0,5.75,Clear
169,Concarneau,FR,2022-09-27 02:32:43,47.875,-3.9225,56.19,84,74,11.81,Clouds
170,Alta Floresta,BR,2022-09-27 02:32:43,-9.8756,-56.0861,71.33,88,61,4.9,Clouds
171,Shenjiamen,CN,2022-09-27 02:32:43,29.9576,122.298,74.73,74,90,11.05,Clouds
172,Fuling,CN,2022-09-27 02:32:43,29.7022,107.3919,67.68,96,100,1.52,Clouds
173,Tautira,PF,2022-09-27 02:32:44,-17.7333,-149.15,77.5,75,10,13.42,Clear
174,Najran,SA,2022-09-27 02:32:44,17.4924,44.1277,70.29,27,24,1.86,Clouds
175,Narasannapeta,IN,2022-09-27 02:32:44,18.4167,84.05,82.53,77,89,3.13,Clouds
176,Caravelas,BR,2022-09-27 02:32:45,-17.7125,-39.2481,70.72,95,26,1.97,Clouds
177,Progreso,MX,2022-09-27 02:32:45,21.2833,-89.6667,80.71,82,4,9.75,Clear
178,Pisco,PE,2022-09-27 02:32:45,-13.7,-76.2167,62.65,72,100,8.05,Clouds
179,Baruun-Urt,MN,2022-09-27 02:32:45,46.6806,113.2792,70.81,17,74,15.73,Clouds
180,Port Alfred,ZA,2022-09-27 02:32:46,-33.5906,26.891,60.19,97,100,8.01,Rain
181,Talnakh,RU,2022-09-27 02:32:46,69.4865,88.3972,25.27,73,20,2.77,Clouds
182,Faanui,PF,2022-09-27 02:33:46,-16.4833,-151.75,78.42,71,11,14.29,Clouds
183,Derzhavinsk,KZ,2022-09-27 02:33:47,51.1,66.3167,51.01,67,100,16.11,Clouds
184,Flinders,AU,2022-09-27 02:33:47,-34.5833,150.8552,58.62,92,100,3.53,Clouds
185,Ler,SS,2022-09-27 02:33:47,8.3018,30.1418,71.38,84,100,2.59,Clouds
186,Daru,PG,2022-09-27 02:33:47,-9.0763,143.2092,84.02,75,51,12.59,Clouds
187,Logan,US,2022-09-27 02:29:28,41.7355,-111.8344,70.99,41,0,1.01,Clear
188,Ninotsminda,GE,2022-09-27 02:33:48,41.2646,43.5916,43.7,43,0,4.63,Clear
189,Margate,GB,2022-09-27 02:33:48,51.3813,1.3862,51.69,81,50,7.0,Clouds
190,Verkhnyaya Inta,RU,2022-09-27 02:33:48,65.9811,60.3094,29.62,68,9,4.07,Clear
191,Hannibal,US,2022-09-27 02:33:49,39.7084,-91.3585,59.34,49,6,5.95,Clear
192,Eureka,US,2022-09-27 02:30:23,40.8021,-124.1637,59.61,89,43,1.99,Clouds
193,Liusha,CN,2022-09-27 02:33:49,27.2098,108.59,77.68,50,0,6.22,Clear
194,Bom Jesus,BR,2022-09-27 02:33:49,-9.0744,-44.3586,77.77,37,58,1.61,Clouds
195,Nara,JP,2022-09-27 02:33:50,34.6851,135.8049,83.91,53,27,6.55,Clouds
196,Zambezi,ZM,2022-09-27 02:30:56,-13.5432,23.1047,72.82,36,99,3.24,Clouds
197,Shimanovsk,RU,2022-09-27 02:33:50,52.0,127.7,46.09,60,100,12.35,Rain
198,Lago Da Pedra,BR,2022-09-27 02:33:50,-4.3333,-45.1667,75.49,75,32,5.14,Clouds
199,Half Moon Bay,US,2022-09-27 02:30:17,37.4636,-122.4286,67.91,81,100,18.41,Clouds
200,Chekhov,RU,2022-09-27 02:33:51,55.1431,37.4711,33.69,94,25,1.41,Clouds
201,Brindisi,IT,2022-09-27 02:33:51,40.5833,17.6667,67.78,86,98,6.29,Clouds
202,Puerto Ayacucho,VE,2022-09-27 02:33:51,5.6639,-67.6236,76.32,90,92,3.49,Clouds
203,Cartersville,US,2022-09-27 02:33:02,34.1651,-84.7999,65.98,77,0,0.0,Clear
204,Georgetown,MY,2022-09-27 02:30:23,5.4112,100.3354,81.9,88,20,5.99,Clouds
205,Salalah,OM,2022-09-27 02:33:52,17.0151,54.0924,78.89,94,75,6.91,Clouds
206,Kalayaan,PH,2022-09-27 02:33:52,14.35,121.5667,81.39,75,97,3.85,Clouds
207,Palmares Do Sul,BR,2022-09-27 02:33:52,-30.2578,-50.5097,63.73,82,56,3.27,Clouds
208,Harper,LR,2022-09-27 02:33:52,4.375,-7.7169,75.31,90,100,5.35,Rain
209,Sisimiut,GL,2022-09-27 02:31:10,66.9395,-53.6735,43.74,93,100,2.33,Clouds
210,Pevek,RU,2022-09-27 02:33:53,69.7008,170.3133,31.62,72,47,5.12,Clouds
211,Bull Savanna,JM,2022-09-27 02:33:53,17.8868,-77.5902,77.63,88,100,10.67,Rain
212,Cabedelo,BR,2022-09-27 02:32:37,-6.9811,-34.8339,75.87,79,6,12.35,Clear
213,Kota Kinabalu,MY,2022-09-27 02:33:53,5.9749,116.0724,78.78,89,40,2.3,Rain
214,Halifax,CA,2022-09-27 02:33:07,44.6453,-63.5724,61.68,96,23,13.8,Clouds
215,Svetlyy,RU,2022-09-27 02:33:54,54.675,20.1347,44.65,78,100,7.23,Clouds
216,Inyonga,TZ,2022-09-27 02:33:54,-6.7167,32.0667,66.51,57,40,3.8,Clouds
217,Acapulco,MX,2022-09-27 02:33:54,16.8634,-99.8901,82.22,83,100,3.44,Clouds
218,Klyuchi,RU,2022-09-27 02:33:55,52.2667,79.1667,47.07,73,31,9.95,Clouds
219,Chimbote,PE,2022-09-27 02:33:55,-9.0853,-78.5783,61.0,86,62,7.58,Clouds
220,Ambanja,MG,2022-09-27 02:33:55,-13.6833,48.45,70.29,74,76,3.15,Clouds
221,Lompoc,US,2022-09-27 02:33:55,34.6391,-120.4579,66.34,91,100,11.5,Clouds
222,Merritt Island,US,2022-09-27 02:30:02,28.5392,-80.672,80.06,83,20,3.44,Clouds
223,French Harbor,HN,2022-09-27 02:30:01,16.35,-86.4333,81.07,91,20,4.61,Clouds
224,Henties Bay,NA,2022-09-27 02:33:56,-22.116,14.2845,53.76,87,2,8.7,Clear
225,Sudislavl,RU,2022-09-27 02:33:56,57.8817,41.7083,43.66,97,100,2.57,Clouds
226,Dawei,MM,2022-09-27 02:33:57,14.0833,98.2,81.18,82,73,3.53,Clouds
227,Sorland,NO,2022-09-27 02:33:57,67.667,12.6934,50.74,78,99,26.73,Clouds
228,Cockburn Town,TC,2022-09-27 02:33:57,21.4612,-71.1419,82.71,81,31,20.04,Clouds
229,Carupano,VE,2022-09-27 02:34:57,10.6678,-63.2585,78.62,88,92,4.45,Clouds
230,Brownsville,US,2022-09-27 02:32:16,25.9018,-97.4975,76.95,94,0,4.61,Clear
231,Dalvik,IS,2022-09-27 02:34:58,65.9702,-18.5286,35.53,46,3,2.55,Clear
232,Sukumo,JP,2022-09-27 02:34:58,32.9333,132.7333,79.84,79,61,3.65,Rain
233,Paamiut,GL,2022-09-27 02:34:58,61.994,-49.6678,42.06,93,100,32.08,Rain
234,Tamiahua,MX,2022-09-27 02:34:59,21.2667,-97.45,74.46,90,32,6.04,Clouds
235,Dikson,RU,2022-09-27 02:34:59,73.5069,80.5464,32.11,76,94,12.48,Clouds
236,Umm Lajj,SA,2022-09-27 02:34:59,25.0213,37.2685,88.92,33,1,9.51,Clear
237,Pizarro,CO,2022-09-27 02:35:00,4.9533,-77.366,76.93,89,98,2.46,Rain
238,Hobyo,SO,2022-09-27 02:35:00,5.3505,48.5268,76.5,88,15,12.5,Clouds
239,Nguruka,TZ,2022-09-27 02:35:00,-5.1092,31.0419,74.14,41,89,5.57,Clouds
240,Hindaun,IN,2022-09-27 02:35:00,26.7167,77.0167,83.23,61,1,4.7,Clear
241,Changli,CN,2022-09-27 02:35:01,39.7042,119.1506,80.13,35,0,6.98,Clear
242,Santa Rosa,PH,2022-09-27 02:35:01,14.3122,121.1114,90.1,74,100,1.48,Clouds
243,Havre-Saint-Pierre,CA,2022-09-27 02:35:01,50.2334,-63.5986,53.96,94,100,9.22,Clouds
244,Vestmannaeyjar,IS,2022-09-27 02:35:02,63.4427,-20.2734,43.23,51,100,10.8,Clouds
245,Mbuji-Mayi,CD,2022-09-27 02:35:02,-6.15,23.6,72.12,78,73,3.02,Clouds
246,Tabou,CI,2022-09-27 02:35:02,4.423,-7.3528,74.7,92,100,5.17,Rain
247,Dunedin,NZ,2022-09-27 02:31:17,-45.8742,170.5036,60.8,65,100,8.01,Clouds
248,Norrtalje,SE,2022-09-27 02:35:02,59.758,18.705,55.02,92,100,6.22,Clouds
249,Pemangkat,ID,2022-09-27 02:35:03,1.1667,108.9667,83.05,70,100,1.45,Clouds
250,Mosquera,CO,2022-09-27 02:35:03,4.7059,-74.2302,53.69,71,20,4.61,Clouds
251,Caledon East,CA,2022-09-27 02:35:03,43.8691,-79.8669,54.86,88,100,16.49,Clouds
252,Matina,CR,2022-09-27 02:35:04,10.0761,-83.2895,76.71,92,100,4.38,Clouds
253,Ryotsu,JP,2022-09-27 02:35:04,38.0833,138.4333,69.24,69,100,8.05,Clouds
254,Formosa,AR,2022-09-27 02:35:04,-26.1775,-58.1781,63.7,96,0,3.67,Clear
255,Muros,ES,2022-09-27 02:35:05,42.7762,-9.0603,58.15,91,54,5.32,Clouds
256,Yarada,IN,2022-09-27 02:35:05,17.65,83.2667,80.92,94,40,2.3,Mist
257,Tikapur,NP,2022-09-27 02:35:05,28.5,81.1333,80.26,78,0,0.94,Clear
258,Schwerin,DE,2022-09-27 02:35:06,53.6294,11.4132,50.14,95,100,5.01,Rain
259,College,US,2022-09-27 02:32:11,64.8569,-147.8028,46.38,78,75,4.61,Rain
260,Aberdeen,GB,2022-09-27 02:35:06,57.1437,-2.0981,45.5,80,90,13.8,Clouds
261,Puerto Del Rosario,ES,2022-09-27 02:35:06,28.5004,-13.8627,71.35,83,0,16.11,Clear
262,Warwick,US,2022-09-27 02:35:07,41.7001,-71.4162,66.9,84,40,0.0,Clouds
263,Roma,US,2022-09-27 02:32:51,43.2128,-75.4557,54.82,89,20,4.61,Clouds
264,Awbari,LY,2022-09-27 02:35:07,26.5921,12.7805,81.18,25,0,7.63,Clear
265,Asau,RO,2022-09-27 02:35:07,46.4333,26.4,56.32,93,100,1.97,Clouds
266,Votice,CZ,2022-09-27 02:35:08,49.6401,14.6381,49.62,73,100,8.93,Rain
267,Wilmington,US,2022-09-27 02:33:08,34.2257,-77.9447,79.86,78,20,10.36,Clouds
268,Ongole,IN,2022-09-27 02:35:08,15.5,80.05,84.92,63,95,6.4,Clouds
269,Beringovskiy,RU,2022-09-27 02:35:08,63.05,179.3167,36.25,98,100,17.54,Rain
270,Carauari,BR,2022-09-27 02:35:09,-4.8828,-66.8958,76.15,75,46,3.09,Clouds
271,Novaya Lyalya,RU,2022-09-27 02:32:20,59.055,60.599,25.9,82,69,5.39,Clouds
272,Vitim,RU,2022-09-27 02:35:09,59.4511,112.5578,35.11,92,100,7.29,Snow
273,Porto Novo,BJ,2022-09-27 02:35:09,6.4965,2.6036,71.42,97,100,3.27,Rain
274,Bafia,CM,2022-09-27 02:36:10,4.75,11.2333,68.76,98,100,0.85,Clouds
275,Basco,PH,2022-09-27 02:36:10,20.4487,121.9702,82.9,79,39,16.87,Clouds
276,Izumo,JP,2022-09-27 02:36:10,35.3667,132.7667,66.15,94,75,3.44,Rain
277,Tessalit,ML,2022-09-27 02:36:11,20.1986,1.0114,87.13,18,8,6.17,Clear
278,Muisne,EC,2022-09-27 02:36:11,0.6,-80.0333,73.9,87,100,8.1,Clouds
279,Yanam,IN,2022-09-27 02:36:11,16.7333,82.2167,81.99,79,100,1.12,Clouds
280,Mersing,MY,2022-09-27 02:36:11,2.4312,103.8405,84.11,79,40,5.75,Clouds
281,Devils Lake,US,2022-09-27 02:36:12,48.1128,-98.8651,58.95,62,40,0.0,Clouds
282,Namanga,KE,2022-09-27 02:36:12,-2.5433,36.7905,59.52,82,16,3.62,Clouds
283,Ichinoseki,JP,2022-09-27 02:36:12,38.9167,141.1333,75.07,53,76,1.41,Rain
284,Floro,NO,2022-09-27 02:33:52,61.5996,5.0328,47.23,93,75,0.0,Clouds
285,Portree,GB,2022-09-27 02:36:13,57.4129,-6.1942,45.52,89,100,16.31,Clouds
286,Ardmore,US,2022-09-27 02:36:13,34.1743,-97.1436,73.26,39,0,3.44,Clear
287,Kununurra,AU,2022-09-27 02:36:13,-15.7667,128.7333,94.98,34,14,9.22,Clouds
288,Samarai,PG,2022-09-27 02:36:14,-10.6167,150.6667,83.21,73,28,10.09,Clouds
289,Petrivka,UA,2022-09-27 02:36:14,46.9695,30.9591,62.65,89,100,9.08,Rain
290,Kieta,PG,2022-09-27 02:36:14,-6.2167,155.6333,82.31,79,61,4.65,Rain
291,Amapa,BR,2022-09-27 02:36:14,1.0,-52.0,69.66,98,8,1.99,Clear
292,Aguimes,ES,2022-09-27 02:36:15,27.9054,-15.4461,68.67,83,75,13.8,Clouds
293,Hasaki,JP,2022-09-27 02:36:15,35.7333,140.8333,81.28,69,0,13.11,Clear
294,Namibe,AO,2022-09-27 02:36:15,-15.1961,12.1522,64.17,72,96,4.68,Clouds
295,Costa Rica,BR,2022-09-27 02:31:52,-23.4167,-54.65,62.85,97,100,7.4,Clouds
296,Karratha,AU,2022-09-27 02:36:16,-20.7377,116.8463,84.88,17,11,17.16,Clouds
297,Maputo,MZ,2022-09-27 02:36:16,-25.9653,32.5892,71.28,91,0,8.05,Clear
298,Itoman,JP,2022-09-27 02:36:16,26.1247,127.6694,86.77,73,75,8.05,Haze
299,Wiarton,CA,2022-09-27 02:36:17,44.7407,-81.1332,54.97,94,100,3.44,Rain
300,Laguna,US,2022-09-27 02:36:17,38.421,-121.4238,88.32,46,0,10.36,Clear
301,Kars,TR,2022-09-27 02:36:17,40.602,43.095,34.25,93,0,4.61,Clear
302,Billings,US,2022-09-27 02:33:15,45.7833,-108.5007,71.37,40,0,11.5,Clear
303,Ilo,PE,2022-09-27 02:36:17,-17.6394,-71.3375,58.35,81,21,3.8,Clouds
304,Sao Filipe,CV,2022-09-27 02:36:18,14.8961,-24.4956,76.26,78,20,4.72,Clouds
305,Klaksvik,FO,2022-09-27 02:36:18,62.2266,-6.589,45.52,81,99,31.59,Rain
306,Vartop,RO,2022-09-27 02:36:18,44.2,23.35,59.65,96,100,6.17,Clouds
307,Saint-Joseph,RE,2022-09-27 02:32:17,-21.3667,55.6167,71.47,71,34,9.53,Clouds
308,Ixtapa,MX,2022-09-27 02:36:19,20.7,-105.2,80.22,94,100,2.3,Clouds
309,Saint Pete Beach,US,2022-09-27 02:36:19,27.7253,-82.7412,78.03,96,40,8.05,Clouds
310,Asfi,MA,2022-09-27 02:36:19,32.2994,-9.2372,66.18,69,0,9.66,Clear
311,Naryan-Mar,RU,2022-09-27 02:33:10,67.6713,53.087,29.23,67,100,7.14,Clouds
312,Torbay,CA,2022-09-27 02:35:30,47.6666,-52.7314,64.27,96,100,14.97,Rain
313,Harwich,GB,2022-09-27 02:36:20,51.9419,1.2844,48.99,84,74,8.01,Clouds
314,Dvinskoy,RU,2022-09-27 02:36:20,62.1535,45.1175,34.12,83,68,7.25,Clouds
315,Leningradskiy,RU,2022-09-27 02:36:20,69.3833,178.4167,31.41,79,99,7.63,Clouds
316,Port Hedland,AU,2022-09-27 02:36:21,-20.3167,118.5667,86.05,11,6,16.11,Clear
317,Porto Walter,BR,2022-09-27 02:36:21,-8.2686,-72.7439,76.84,64,91,2.93,Clouds
318,Simao,CN,2022-09-27 02:36:21,22.7886,100.9748,77.45,55,69,1.97,Clouds
319,New Albany,US,2022-09-27 02:36:05,38.2856,-85.8241,62.02,57,0,8.05,Clear
320,Yatou,CN,2022-09-27 02:36:21,37.15,122.3833,73.27,59,4,4.23,Clear
321,Tuatapere,NZ,2022-09-27 02:36:22,-46.1333,167.6833,57.56,83,100,3.85,Clouds
322,Touros,BR,2022-09-27 02:36:22,-5.1989,-35.4608,74.8,83,12,13.47,Clouds
323,Tomatlan,MX,2022-09-27 02:37:22,19.9333,-105.25,77.2,96,100,1.1,Clouds
324,Lasa,IT,2022-09-27 02:37:23,46.6166,10.7002,54.48,95,71,3.06,Clouds
325,Mercedes,AR,2022-09-27 02:36:39,-34.6515,-59.4307,57.04,57,14,5.21,Clouds
326,Arman,RU,2022-09-27 02:37:23,59.7,150.1667,48.02,57,100,10.98,Clouds
327,Saint-Francois,FR,2022-09-27 02:37:23,46.4154,3.9054,51.24,93,100,6.91,Clouds
328,Ojinaga,MX,2022-09-27 02:37:24,29.5667,-104.4167,77.95,50,0,12.66,Clear
329,Nilai,MY,2022-09-27 02:37:24,2.8169,101.7956,80.28,83,20,3.44,Rain
330,Ketchikan,US,2022-09-27 02:35:17,55.3422,-131.6461,61.27,88,100,16.11,Clouds
331,Okhotsk,RU,2022-09-27 02:37:24,59.3833,143.3,42.33,80,100,17.16,Rain
332,Broken Hill,AU,2022-09-27 02:37:25,-31.95,141.4333,60.76,38,6,20.89,Clear
333,Impfondo,CG,2022-09-27 02:37:25,1.6381,18.0667,68.81,97,100,3.06,Clouds
334,Merauke,ID,2022-09-27 02:37:25,-8.4667,140.3333,87.06,64,93,2.01,Clouds
335,Lebu,CL,2022-09-27 02:37:26,-37.6167,-73.65,50.83,95,93,7.74,Clouds
336,Pilot Butte,CA,2022-09-27 02:37:26,50.4668,-104.4178,58.62,44,20,9.22,Clouds
337,Kavieng,PG,2022-09-27 02:37:26,-2.5744,150.7967,85.3,64,26,12.66,Clouds
338,Churapcha,RU,2022-09-27 02:37:26,62.0025,132.4325,35.42,82,100,4.41,Clouds
339,Yeovil,GB,2022-09-27 02:32:42,50.9416,-2.6321,54.63,87,75,8.05,Clouds
340,Kholodnyy,RU,2022-09-27 02:37:27,62.7167,147.95,33.87,64,100,2.55,Clouds
341,Kidal,ML,2022-09-27 02:37:27,18.4411,1.4078,88.84,16,17,5.03,Clouds
342,Thompson,CA,2022-09-27 02:37:27,55.7435,-97.8558,32.16,80,20,2.3,Clouds
343,San Patricio,US,2022-09-27 02:37:28,28.017,-97.5169,84.83,50,3,9.73,Clear
344,Belsand,IN,2022-09-27 02:37:28,26.45,85.4,84.92,66,5,3.18,Clear
345,Sao Jose Da Coroa Grande,BR,2022-09-27 02:37:28,-8.8978,-35.1478,73.38,78,6,7.76,Clear
346,Williams Lake,CA,2022-09-27 02:37:29,52.1415,-122.1445,74.77,53,20,4.61,Clouds
347,Ambon,ID,2022-09-27 02:37:29,-3.6954,128.1814,86.14,66,40,6.91,Clouds
348,Miquelon,PM,2022-09-27 02:37:29,47.0975,-56.3814,59.0,99,100,21.77,Clouds
349,Carmo,BR,2022-09-27 02:37:30,-21.9336,-42.6086,67.82,90,100,1.92,Rain
350,Coari,BR,2022-09-27 02:37:30,-4.085,-63.1414,81.82,46,45,2.66,Clouds
351,Peplos,GR,2022-09-27 02:37:30,40.9583,26.2656,65.46,74,99,16.13,Clouds
352,Bundaberg,AU,2022-09-27 02:37:30,-24.85,152.35,78.22,59,49,7.0,Clouds
353,Kahului,US,2022-09-27 02:37:20,20.8947,-156.47,87.82,62,20,20.71,Clouds
354,Hovd,MN,2022-09-27 02:37:31,48.0056,91.6419,62.55,30,100,7.63,Clouds
355,Ust-Nera,RU,2022-09-27 02:37:31,64.5667,143.2,34.12,84,100,3.76,Clouds
356,Tsumeb,NA,2022-09-27 02:37:31,-19.2333,17.7167,73.08,18,10,18.28,Clear
357,Valparaiso,CL,2022-09-27 02:37:32,-33.0393,-71.6273,53.24,71,0,3.44,Clear
358,Jaru,BR,2022-09-27 02:34:56,-10.4389,-62.4664,84.16,42,74,2.77,Clouds
359,Saiki,JP,2022-09-27 02:37:32,32.95,131.9,72.55,92,99,14.58,Rain
360,Outjo,NA,2022-09-27 02:37:32,-20.1167,16.15,61.81,26,48,7.45,Clouds
361,Hellin,ES,2022-09-27 02:37:33,38.5106,-1.701,61.03,54,0,5.44,Clear
362,Ostrovnoy,RU,2022-09-27 02:37:33,68.0531,39.5131,36.97,83,100,8.48,Clouds
363,Champerico,GT,2022-09-27 02:37:33,14.3,-91.9167,80.11,77,94,0.98,Clouds
364,Mount Gambier,AU,2022-09-27 02:37:33,-37.8333,140.7667,59.07,60,43,12.55,Clouds
365,Jardim,BR,2022-09-27 02:37:34,-21.4803,-56.1381,69.3,88,34,6.58,Clouds
366,Pangkalanbuun,ID,2022-09-27 02:38:34,-2.6833,111.6167,87.71,55,99,4.7,Clouds
367,Poya,NC,2022-09-27 02:38:34,-21.35,165.15,81.97,57,0,8.88,Clear
368,Kaeo,NZ,2022-09-27 02:38:35,-35.1,173.7833,62.33,88,94,13.76,Clouds
369,Krasnozerskoye,RU,2022-09-27 02:38:35,53.9828,79.2374,37.31,96,100,6.58,Rain
370,Aizpute,LV,2022-09-27 02:38:36,56.7167,21.6,51.03,88,94,8.16,Clouds
371,Yuzhnyy,RU,2022-09-27 02:38:36,53.2542,83.6936,39.58,93,75,11.18,Clouds
372,Coihaique,CL,2022-09-27 02:38:36,-45.5752,-72.0662,44.55,57,0,4.61,Clear
373,Nabire,ID,2022-09-27 02:38:36,-3.3667,135.4833,85.03,69,81,5.88,Clouds
374,Mokhotlong,LS,2022-09-27 02:38:37,-29.2894,29.0675,53.6,71,31,4.59,Clouds
375,Victoria,HK,2022-09-27 02:33:37,22.2855,114.1577,90.25,68,52,15.99,Clouds
376,Batagay,RU,2022-09-27 02:38:37,67.6333,134.6333,31.86,74,100,5.59,Clouds
377,Akdepe,TM,2022-09-27 02:38:38,42.0551,59.3788,55.49,46,0,6.4,Clear
378,Oranjestad,AW,2022-09-27 02:35:55,12.524,-70.027,84.15,79,20,14.97,Clouds
379,Nanortalik,GL,2022-09-27 02:38:38,60.1432,-45.2371,44.17,92,100,12.06,Clouds
380,Graaff-Reinet,ZA,2022-09-27 02:38:39,-32.2522,24.5308,56.91,91,55,2.55,Clouds
381,Pacific Grove,US,2022-09-27 02:38:39,36.6177,-121.9166,62.28,87,100,5.99,Clouds
382,Melfi,IT,2022-09-27 02:38:39,40.9965,15.6514,58.14,92,23,6.46,Clouds
383,Santa Vitoria Do Palmar,BR,2022-09-27 02:36:09,-33.5189,-53.3681,55.92,96,4,5.28,Clear
384,Necochea,AR,2022-09-27 02:38:40,-38.5473,-58.7368,51.04,92,90,9.86,Clouds
385,Smirnykh,RU,2022-09-27 02:38:40,49.75,142.8333,55.15,43,9,17.94,Clear
386,Dauphin,CA,2022-09-27 02:38:40,51.1494,-100.0502,46.54,87,0,5.75,Clear
387,Aleksandrov Gay,RU,2022-09-27 02:38:41,50.147,48.5704,50.49,58,92,3.47,Clouds
388,Plettenberg Bay,ZA,2022-09-27 02:38:41,-34.0527,23.3716,61.03,91,90,16.55,Clouds
389,San Andres,CO,2022-09-27 02:37:40,12.5847,-81.7006,80.62,89,75,4.61,Clouds
390,Berlevag,NO,2022-09-27 02:38:41,70.8578,29.0864,44.6,81,100,2.3,Clouds
391,Alegrete,BR,2022-09-27 02:38:42,-29.7831,-55.7919,57.33,77,0,7.2,Clear
392,Palana,RU,2022-09-27 02:38:42,59.1167,159.9667,45.37,51,5,3.6,Clear
393,Horsham,GB,2022-09-27 02:38:42,51.064,-0.3272,51.03,82,20,11.5,Clouds
394,Srednekolymsk,RU,2022-09-27 02:38:43,67.45,153.6833,39.11,48,14,10.85,Clouds
395,Khilok,RU,2022-09-27 02:38:43,51.3674,110.4676,48.09,51,89,10.31,Clouds
396,Katobu,ID,2022-09-27 02:38:43,-4.9408,122.5276,90.5,45,68,1.03,Clouds
397,Makakilo City,US,2022-09-27 02:38:43,21.3469,-158.0858,86.32,51,0,13.8,Clear
398,Stornoway,GB,2022-09-27 02:38:44,58.2093,-6.3865,46.36,85,75,16.11,Clouds
399,Xining,CN,2022-09-27 02:38:44,36.6167,101.7667,58.46,44,100,1.39,Clouds
400,Wasilla,US,2022-09-27 02:36:52,61.5814,-149.4394,49.55,68,75,5.75,Clouds
401,Boende,CD,2022-09-27 02:38:44,-0.2167,20.8667,70.03,100,100,2.55,Rain
402,Dingle,PH,2022-09-27 02:38:45,10.9995,122.6711,83.21,79,100,14.67,Clouds
403,Port Lincoln,AU,2022-09-27 02:38:45,-34.7333,135.8667,55.74,56,83,15.21,Clouds
404,Tezu,IN,2022-09-27 02:38:46,27.9167,96.1667,83.19,64,69,3.53,Clouds
405,Burnie,AU,2022-09-27 02:38:46,-41.0667,145.9167,59.94,61,87,5.35,Clouds
406,Newtownards,GB,2022-09-27 02:38:46,54.5924,-5.6909,52.54,88,100,4.61,Drizzle
407,Nome,US,2022-09-27 02:38:47,64.5011,-165.4064,48.27,71,75,4.61,Clouds
408,Nayudupeta,IN,2022-09-27 02:38:47,13.9,79.9,83.28,53,13,6.15,Clouds
409,Viedma,AR,2022-09-27 02:38:47,-40.8135,-62.9967,56.14,42,40,19.44,Clouds
410,Lorengau,PG,2022-09-27 02:38:48,-2.0226,147.2712,85.51,67,77,8.25,Clouds
411,Sinnamary,GF,2022-09-27 02:39:48,5.3833,-52.95,78.58,85,3,10.29,Clear
412,Mikhaylovsk,RU,2022-09-27 02:39:48,45.1283,42.0256,51.12,87,0,4.47,Clear
413,Keetmanshoop,NA,2022-09-27 02:39:49,-26.5833,18.1333,49.5,68,0,2.59,Clear
414,Kijang,KR,2022-09-27 02:39:49,35.2442,129.2139,71.33,64,65,12.44,Clouds
415,Norsup,VU,2022-09-27 02:39:49,-16.0667,167.3833,83.73,70,9,10.13,Clear
416,Muravlenko,RU,2022-09-27 02:39:49,63.7898,74.523,27.63,86,100,15.48,Snow
417,Amga,RU,2022-09-27 02:39:50,60.8953,131.9608,35.38,87,100,4.83,Rain
418,Whitehorse,CA,2022-09-27 02:39:50,60.7161,-135.0538,59.02,56,100,20.71,Rain
419,La Ronge,CA,2022-09-27 02:37:58,55.1001,-105.2842,52.05,58,0,0.0,Clear
420,Ati,TD,2022-09-27 02:39:50,13.2154,18.3353,81.46,60,100,7.14,Clouds
421,Le Pradet,FR,2022-09-27 02:39:51,43.1066,6.0172,64.38,61,0,13.8,Clear
422,Longhua,CN,2022-09-27 02:39:51,23.6137,114.1919,88.92,49,71,5.26,Clouds
423,Beyneu,KZ,2022-09-27 02:39:51,45.3167,55.2,58.62,62,100,2.86,Clouds
424,Talcahuano,CL,2022-09-27 02:36:42,-36.7167,-73.1167,51.48,100,0,6.91,Clear
425,Valle De Allende,MX,2022-09-27 02:39:52,26.9333,-105.4,66.52,57,57,11.39,Clouds
426,Vila Franca Do Campo,PT,2022-09-27 02:39:52,37.7167,-25.4333,68.2,78,100,9.66,Rain
427,Gwanda,ZW,2022-09-27 02:39:52,-20.9333,29.0,68.13,41,0,5.99,Clear
428,Kota Tinggi,MY,2022-09-27 02:39:52,1.7381,103.8999,86.29,71,99,5.03,Clouds
429,Skegness,GB,2022-09-27 02:39:53,53.1436,0.3363,47.05,76,67,15.1,Clouds
430,Yichang,CN,2022-09-27 02:39:53,30.7144,111.2847,77.88,45,97,3.87,Clouds
431,Marquette,US,2022-09-27 02:39:53,46.5333,-87.6335,45.34,94,100,14.45,Clouds
432,Tsimlyansk,RU,2022-09-27 02:39:54,47.6461,42.1019,56.17,70,98,8.55,Clouds
433,Salmo,CA,2022-09-27 02:39:54,49.1999,-117.2689,67.08,73,1,4.18,Clear
434,Belaya Glina,RU,2022-09-27 02:39:54,46.07,40.86,54.66,66,100,7.09,Clouds
435,Mahwa,IN,2022-09-27 02:39:55,27.0471,76.9288,83.77,57,0,3.58,Clear
436,Warrnambool,AU,2022-09-27 02:39:55,-38.3833,142.4833,56.37,92,85,16.67,Clouds
437,Manzhouli,CN,2022-09-27 02:39:55,49.6,117.4333,68.32,23,86,18.1,Clouds
438,Udachnyy,RU,2022-09-27 02:39:56,66.4167,112.4,25.45,85,87,9.86,Clouds
439,Buzmeyin,TM,2022-09-27 02:39:56,38.0507,58.2056,64.13,55,0,2.3,Clear
440,Barcelos,PT,2022-09-27 02:37:02,41.5388,-8.6151,59.85,76,5,5.91,Clear
441,Huarmey,PE,2022-09-27 02:39:56,-10.0681,-78.1522,61.21,86,50,9.4,Clouds
442,Medenychi,UA,2022-09-27 02:39:57,49.4305,23.7507,48.38,95,66,1.83,Clouds
443,Norman Wells,CA,2022-09-27 02:39:57,65.282,-126.8329,46.44,81,100,10.36,Clouds
444,Owando,CG,2022-09-27 02:39:57,-0.4819,15.8999,70.29,98,100,1.68,Rain
445,Menongue,AO,2022-09-27 02:39:58,-14.6585,17.691,66.67,36,75,2.82,Clouds
446,Katangli,RU,2022-09-27 02:39:58,51.7102,143.2326,53.4,48,52,19.66,Clouds
447,San Rafael Del Sur,NI,2022-09-27 02:39:58,11.8485,-86.4384,76.17,91,69,4.38,Rain
448,Nizhniy Kuranakh,RU,2022-09-27 02:39:58,58.8353,125.4869,41.02,46,100,5.93,Clouds
449,Baiquan,CN,2022-09-27 02:39:59,47.5833,126.0833,67.82,32,7,17.47,Clear
450,Angoche,MZ,2022-09-27 02:39:59,-16.2325,39.9086,71.85,83,0,10.25,Clear
451,Ozieri,IT,2022-09-27 02:39:59,40.586,9.0012,60.44,67,40,11.97,Clouds
452,Karachi,PK,2022-09-27 02:35:04,24.9056,67.0822,80.42,83,75,5.75,Smoke
453,Kropotkin,RU,2022-09-27 02:41:00,45.4375,40.5756,54.39,69,99,6.73,Clouds
454,Tiksi,RU,2022-09-27 02:41:00,71.6872,128.8694,32.61,90,100,22.01,Snow
455,Turayf,SA,2022-09-27 02:41:01,31.6725,38.6637,70.05,32,0,4.61,Clear
456,Matara,LK,2022-09-27 02:41:01,5.9485,80.5353,83.26,71,33,12.57,Clouds
457,Road Town,VG,2022-09-27 02:39:30,18.4167,-64.6167,82.92,76,5,19.13,Clear
458,Khandbari,NP,2022-09-27 02:41:01,27.3747,87.2039,74.77,76,26,1.3,Clouds
459,Sur,OM,2022-09-27 02:41:02,22.5667,59.5289,81.19,70,3,2.68,Clear
460,Saldanha,ZA,2022-09-27 02:41:02,-33.0117,17.9442,46.45,87,0,7.02,Clear
461,Safford,US,2022-09-27 02:41:02,32.834,-109.7076,83.32,36,0,11.5,Clear
462,Skjervoy,NO,2022-09-27 02:38:01,70.0311,20.9714,46.4,77,7,16.15,Clear
463,Weligama,LK,2022-09-27 02:41:03,5.9667,80.4167,82.89,73,29,12.64,Clouds
464,Conde,BR,2022-09-27 02:41:03,-7.2597,-34.9075,74.66,83,0,4.61,Clear
465,Biltine,TD,2022-09-27 02:41:03,14.5333,20.9167,83.84,51,100,5.84,Clouds
466,Strezhevoy,RU,2022-09-27 02:41:04,60.7333,77.5889,29.26,67,30,4.85,Clouds
467,Troitskoye,RU,2022-09-27 02:41:04,52.9821,84.6757,48.51,84,92,5.7,Clouds
468,Katsuura,JP,2022-09-27 02:41:04,35.1333,140.3,76.37,69,0,13.71,Clear
469,Port-Cartier,CA,2022-09-27 02:41:05,50.0334,-66.8654,52.02,99,100,1.59,Clouds
470,Lavrentiya,RU,2022-09-27 02:41:05,65.5833,-171.0,39.36,91,98,12.08,Clouds
471,Sangar,RU,2022-09-27 02:41:05,63.9242,127.4739,37.36,74,100,5.99,Clouds
472,Meulaboh,ID,2022-09-27 02:41:06,4.1363,96.1285,81.7,70,92,1.95,Clouds
473,Dom Pedro,BR,2022-09-27 02:41:06,-4.4833,-44.45,76.3,76,1,4.47,Clear
474,Honiara,SB,2022-09-27 02:41:06,-9.4333,159.95,84.16,74,45,4.5,Rain
475,Inuvik,CA,2022-09-27 02:41:07,68.3499,-133.7218,34.56,86,100,13.8,Clouds
476,Jackson,US,2022-09-27 02:37:27,42.4165,-122.8345,87.67,34,0,5.75,Clear
477,Quatre Cocos,MU,2022-09-27 02:41:07,-20.2078,57.7625,70.09,69,53,15.66,Clouds
478,Buala,SB,2022-09-27 02:41:07,-8.145,159.5921,83.77,71,49,3.6,Rain
479,Sibolga,ID,2022-09-27 02:41:07,1.7427,98.7792,84.47,62,68,3.47,Rain
480,Mareeba,AU,2022-09-27 02:41:08,-17.0,145.4333,85.44,57,0,10.09,Clear
481,Tunceli,TR,2022-09-27 02:41:08,39.1083,39.5471,60.64,23,0,4.05,Clear
482,Russell,US,2022-09-27 02:41:09,32.3502,-85.1999,73.0,82,0,0.0,Clear
483,Awjilah,LY,2022-09-27 02:41:09,29.1081,21.2869,75.85,46,0,6.04,Clear
484,Shimoda,JP,2022-09-27 02:41:09,34.6667,138.95,77.36,67,13,11.97,Clouds
485,Sayyan,YE,2022-09-27 02:41:10,15.1718,44.3244,57.78,28,1,3.33,Clear
486,Taksimo,RU,2022-09-27 02:41:10,56.3444,114.8794,42.91,46,90,11.21,Clouds
487,Duldurga,RU,2022-09-27 02:41:10,50.6761,113.5931,56.75,50,100,16.84,Clouds
488,Sonoita,MX,2022-09-27 02:41:11,31.85,-112.8333,87.78,36,17,13.29,Clouds
489,Wloclawek,PL,2022-09-27 02:41:11,52.6482,19.0678,48.52,95,61,6.73,Clouds
490,Deogarh,IN,2022-09-27 02:41:11,21.5333,84.7333,82.9,74,57,1.48,Clouds
491,Nikolayevsk-Na-Amure,RU,2022-09-27 02:41:11,53.1406,140.73,49.93,54,55,14.25,Clouds
492,Yulara,AU,2022-09-27 02:41:12,-25.2406,130.9889,57.04,77,75,5.75,Clouds
493,Vuktyl,RU,2022-09-27 02:41:12,63.8567,57.3094,30.31,66,22,2.62,Clouds
494,Marrakesh,MA,2022-09-27 02:37:13,31.6315,-8.0083,62.67,72,75,8.05,Clouds
495,Rawson,AR,2022-09-27 02:41:13,-43.3002,-65.1023,52.02,42,2,19.19,Clear
496,Krasnoselkup,RU,2022-09-27 02:41:13,65.7,82.4667,29.57,59,15,12.37,Clouds
497,Razole,IN,2022-09-27 02:41:13,16.4833,81.8333,82.29,76,100,2.06,Clouds
498,Pirovskoye,RU,2022-09-27 02:42:13,57.6267,92.2658,33.85,66,88,2.82,Clouds
499,Mitu,CO,2022-09-27 02:42:14,1.1983,-70.1733,72.41,92,50,1.3,Clouds
500,Aksarka,RU,2022-09-27 02:42:14,66.5606,67.7975,29.14,87,100,14.54,Clouds
501,San Cristobal,VE,2022-09-27 02:42:15,7.7669,-72.225,75.38,92,34,1.66,Clouds
502,Sept-Iles,CA,2022-09-27 02:39:29,50.2001,-66.3821,52.32,98,100,4.61,Clouds
503,Comodoro Rivadavia,AR,2022-09-27 02:37:54,-45.8667,-67.5,49.86,34,0,18.41,Clear
504,Paraiso,CR,2022-09-27 02:42:15,9.8383,-83.8656,68.88,100,99,1.03,Clouds
505,Kwakoa,TZ,2022-09-27 02:42:15,-3.7667,37.7167,65.23,84,51,1.54,Clouds
506,Lagoa,PT,2022-09-27 02:42:16,39.05,-27.9833,69.17,70,100,16.91,Clouds
507,Beloha,MG,2022-09-27 02:42:16,-25.1667,45.05,70.11,59,0,1.3,Clear
508,Pathein,MM,2022-09-27 02:42:16,16.7833,94.7333,82.36,81,99,5.06,Clouds
509,Celestun,MX,2022-09-27 02:42:17,20.8667,-90.4,80.08,82,4,10.96,Clear
510,Lisala,CD,2022-09-27 02:42:17,2.15,21.5167,69.91,99,100,2.93,Rain
511,Igarka,RU,2022-09-27 02:42:17,67.4667,86.5833,29.01,63,3,7.94,Clear
512,Saskatoon,CA,2022-09-27 02:40:00,52.1168,-106.6345,61.16,45,20,8.05,Clouds
513,Odweyne,SO,2022-09-27 02:42:18,9.4092,45.064,73.29,56,19,7.58,Clouds
514,Wanning,CN,2022-09-27 02:42:18,18.8003,110.3967,76.05,90,100,16.02,Rain
515,Mayo,US,2022-09-27 02:42:18,38.8876,-76.5119,68.11,79,40,0.0,Clouds
516,Mumbwa,ZM,2022-09-27 02:42:19,-14.9783,27.0619,71.73,31,23,10.07,Clouds
517,Juneau,US,2022-09-27 02:40:34,58.3019,-134.4197,55.4,100,100,12.66,Mist
518,Cairns,AU,2022-09-27 02:42:19,-16.9167,145.7667,90.07,53,40,11.5,Clouds
519,Ornskoldsvik,SE,2022-09-27 02:42:19,63.2909,18.7153,50.95,93,100,10.36,Clouds
520,Adrar,MR,2022-09-27 02:42:20,20.5022,-10.0711,88.7,30,43,5.3,Clouds
521,Tomigusuku,JP,2022-09-27 02:42:20,26.185,127.675,86.54,73,75,8.05,Haze
522,Kyzyl-Suu,KG,2022-09-27 02:42:20,42.3414,78.0056,60.04,39,38,1.9,Clouds
523,Tiznit,MA,2022-09-27 02:42:20,29.5833,-9.5,66.78,76,34,1.99,Clouds
524,Longyearbyen,SJ,2022-09-27 02:42:21,78.2186,15.6401,35.44,93,0,2.3,Clear
525,Pokhara,NP,2022-09-27 02:42:21,28.2333,83.9833,73.54,84,2,2.89,Clear
526,Rio Grande,BR,2022-09-27 02:42:03,-32.035,-52.0986,60.91,91,0,8.7,Clear
527,Resistencia,AR,2022-09-27 02:40:50,-27.4606,-58.9839,69.78,65,0,4.61,Clear
528,Bardiyah,LY,2022-09-27 02:42:22,31.7561,25.0865,72.82,82,12,4.14,Clouds
529,Mukhen,RU,2022-09-27 02:42:22,48.1,136.1,57.51,42,1,10.04,Clear
530,Banikoara,BJ,2022-09-27 02:42:22,11.2985,2.4386,70.5,98,99,3.58,Clouds
531,Snezhnogorsk,RU,2022-09-27 02:42:22,69.1933,33.2531,44.38,86,88,1.72,Clouds
532,Castro Alves,BR,2022-09-27 02:42:23,-12.7656,-39.4283,64.47,96,6,3.2,Clear
533,Anadyr,RU,2022-09-27 02:42:23,64.75,177.4833,41.5,52,20,8.95,Clouds
534,Auka,HN,2022-09-27 02:42:23,14.9333,-83.8333,75.11,97,99,3.74,Clouds
535,Eirunepe,BR,2022-09-27 02:42:24,-6.6603,-69.8736,75.97,70,83,2.44,Clouds
536,Pizhanka,RU,2022-09-27 02:42:24,57.4604,48.542,41.59,94,100,11.32,Clouds
537,Tromso,NO,2022-09-27 02:42:24,69.6496,18.957,46.42,66,3,11.5,Clear
538,Caucaia,BR,2022-09-27 02:42:24,-3.7361,-38.6531,80.55,75,40,11.5,Clouds
539,Tvoroyri,FO,2022-09-27 02:42:25,61.5556,-6.8111,48.49,84,100,34.27,Rain
540,Jian,CN,2022-09-27 02:42:25,27.1172,114.9793,88.12,38,28,6.8,Clouds
541,Naze,JP,2022-09-27 02:42:04,28.3667,129.4833,83.32,71,47,7.07,Clouds
542,Moussoro,TD,2022-09-27 02:42:26,13.6408,16.4901,81.37,65,99,19.01,Rain
543,Coos Bay,US,2022-09-27 02:42:26,43.3665,-124.2179,61.32,96,100,10.36,Mist
544,Pocone,BR,2022-09-27 02:37:38,-16.2567,-56.6228,79.3,70,65,6.29,Clouds
545,Alofi,NU,2022-09-27 02:43:26,-19.0595,-169.9187,73.29,94,100,9.22,Clouds
546,Zhengjiatun,CN,2022-09-27 02:43:27,43.5064,123.5064,72.57,59,2,11.74,Clear
547,Kismayo,SO,2022-09-27 02:43:27,-0.3582,42.5454,75.69,85,34,12.08,Rain
548,Omboue,GA,2022-09-27 02:43:27,-1.5746,9.2618,74.55,90,100,6.55,Rain
549,Kajaani,FI,2022-09-27 02:43:27,64.2273,27.7285,42.85,100,100,3.44,Rain
550,Markha,RU,2022-09-27 02:43:28,62.1053,129.7269,35.56,69,75,8.99,Clouds
551,Iranshahr,IR,2022-09-27 02:43:28,27.2025,60.6848,79.14,41,0,4.61,Clear
552,Kurtalan,TR,2022-09-27 02:43:28,37.9272,41.7028,66.02,24,0,2.19,Clear
553,Czluchow,PL,2022-09-27 02:43:29,53.6672,17.3588,48.15,82,100,8.19,Clouds
554,Westport,US,2022-09-27 02:41:36,41.1415,-73.3579,71.42,83,0,10.36,Clear
555,Wucheng,CN,2022-09-27 02:43:29,29.6008,118.175,85.68,51,78,2.91,Clouds
556,Ostersund,SE,2022-09-27 02:43:29,63.1792,14.6357,46.85,100,75,13.8,Clouds
557,Loiza,PR,2022-09-27 02:43:30,18.4313,-65.8802,82.4,89,75,8.05,Clouds
558,Kampot,KH,2022-09-27 02:43:30,10.6167,104.1833,78.85,80,100,8.95,Rain
559,Goderich,CA,2022-09-27 02:43:30,43.7501,-81.7165,59.92,88,100,17.27,Clouds
560,Chornobay,UA,2022-09-27 02:43:30,49.6708,32.3239,58.3,86,100,9.75,Clouds
561,Mapiripan,CO,2022-09-27 02:43:31,2.8892,-72.1256,76.39,80,8,2.01,Clear
562,Namatanai,PG,2022-09-27 02:43:31,-3.6667,152.4333,84.69,63,78,8.86,Clouds
563,Yar-Sale,RU,2022-09-27 02:43:31,66.8333,70.8333,29.91,82,100,15.28,Clouds
564,Maniitsoq,GL,2022-09-27 02:43:32,65.4167,-52.9,43.05,90,100,22.84,Rain
565,The Valley,AI,2022-09-27 02:43:32,18.217,-63.0578,84.06,76,21,20.65,Clouds
566,Ilovlya,RU,2022-09-27 02:43:33,49.3033,43.9796,55.45,89,100,5.64,Clouds
567,Umea,SE,2022-09-27 02:43:33,63.8284,20.2597,47.91,100,75,2.3,Clouds
568,Pocatello,US,2022-09-27 02:43:33,42.8713,-112.4455,69.48,35,0,8.01,Clear
569,Kologriv,RU,2022-09-27 02:43:34,58.8275,44.3178,40.42,97,100,7.67,Clouds
570,Gornozavodsk,RU,2022-09-27 02:43:34,58.3758,58.3211,26.11,74,38,8.32,Clouds
571,Buin,CL,2022-09-27 02:43:34,-33.7333,-70.75,57.74,77,100,1.81,Clouds
572,Aksu,CN,2022-09-27 02:42:19,41.1231,80.2644,73.29,24,0,1.39,Clear
573,Narsaq,GL,2022-09-27 02:43:35,60.9167,-46.05,46.62,92,100,10.42,Rain
574,Pandaria,IN,2022-09-27 02:43:35,22.2333,81.4167,80.49,74,73,1.45,Clouds
575,Marshall,US,2022-09-27 02:43:35,34.3834,-86.3333,64.15,64,0,5.75,Clear
576,Deep River,CA,2022-09-27 02:43:35,46.1001,-77.4995,47.07,97,41,1.81,Clouds
577,Naushki,RU,2022-09-27 02:43:36,50.3828,106.1056,49.33,60,86,11.25,Clouds
578,Urdoma,RU,2022-09-27 02:43:36,61.7533,48.5442,28.81,81,51,5.57,Clouds
579,Palau,PW,2022-09-27 02:43:36,7.503,134.621,80.56,83,100,4.61,Rain
580,Yarmouth,US,2022-09-27 02:43:37,41.7057,-70.2286,66.99,86,0,12.66,Clear
581,Pamekasan,ID,2022-09-27 02:43:37,-7.1568,113.4746,86.13,54,67,3.4,Clouds
582,Yumen,CN,2022-09-27 02:43:37,40.2833,97.2,73.72,16,31,11.92,Clouds
583,Primorsk,UA,2022-09-27 02:43:37,46.7348,36.3443,63.93,85,100,10.38,Clouds
584,Aanekoski,FI,2022-09-27 02:43:38,62.6946,25.818,44.67,100,80,3.53,Clouds
585,Galesong,ID,2022-09-27 02:43:38,-5.3166,119.3661,87.82,56,47,9.31,Clouds
586,Pueblo Bello,CO,2022-09-27 02:43:38,8.2041,-76.526,77.5,95,52,2.8,Clouds
587,Biak,ID,2022-09-27 02:43:39,-0.9131,122.8766,83.28,59,90,3.04,Clouds
588,Dehloran,IR,2022-09-27 02:43:39,32.6941,47.2679,78.85,22,0,1.9,Clear
589,Mezhova,UA,2022-09-27 02:43:39,48.2532,36.7347,55.17,95,99,9.66,Clouds
590,Zhigansk,RU,2022-09-27 02:43:39,66.7697,123.3711,32.86,89,100,9.4,Clouds
591,Korla,CN,2022-09-27 02:44:40,41.7597,86.1469,73.08,24,1,5.14,Clear
592,Dingli,MT,2022-09-27 02:44:40,35.8614,14.3822,73.81,78,0,2.3,Clear
593,Birjand,IR,2022-09-27 02:44:40,32.8663,59.2211,48.67,46,0,11.5,Clear
594,Udupi,IN,2022-09-27 02:44:41,13.35,74.75,79.84,83,99,3.44,Clouds
595,Pierre,US,2022-09-27 02:44:41,44.3683,-100.351,68.92,43,0,6.91,Clear
596,Safakulevo,RU,2022-09-27 02:44:41,54.9901,62.5442,28.44,85,90,11.34,Clouds
597,Ust-Kulom,RU,2022-09-27 02:44:42,61.6864,53.6902,29.34,75,100,3.94,Clouds
598,Le Port,RE,2022-09-27 02:44:42,-20.9373,55.2919,72.9,83,54,9.33,Clouds
599,Beocin,RS,2022-09-27 02:44:42,45.2083,19.7206,62.13,94,94,1.88,Clouds
600,Sabha,LY,2022-09-27 02:44:42,27.0377,14.4283,81.68,25,0,11.21,Clear
601,Kawalu,ID,2022-09-27 02:44:43,-7.3817,108.2082,78.76,73,100,4.29,Clouds
602,Gizo,SB,2022-09-27 02:44:43,-8.103,156.8419,83.14,70,20,2.57,Clouds
603,Visnes,NO,2022-09-27 02:44:43,59.3556,5.2242,49.21,76,40,6.91,Clouds
604,Umba,RU,2022-09-27 02:44:44,66.6871,34.3429,39.45,95,8,8.16,Clear
605,Nikolsk,RU,2022-09-27 02:44:44,53.7189,46.0712,44.15,96,12,5.17,Clouds
606,Bosanski Novi,BA,2022-09-27 02:44:44,45.0458,16.3803,51.71,96,1,1.97,Clear
607,Nouadhibou,MR,2022-09-27 02:44:44,20.931,-17.0347,75.18,88,89,11.5,Clouds
608,Tshikapa,CD,2022-09-27 02:44:45,-6.4167,20.8,70.05,87,90,1.74,Clouds
609,Luderitz,NA,2022-09-27 02:44:45,-26.6481,15.1594,52.9,83,0,6.67,Clear
610,Parfino,RU,2022-09-27 02:44:45,57.9731,31.6481,43.27,90,92,3.8,Clouds
611,Fairbanks,US,2022-09-27 02:40:33,64.8378,-147.7164,46.4,77,100,4.61,Rain
612,Sistranda,NO,2022-09-27 02:44:46,63.7256,8.834,55.36,71,83,29.97,Clouds
613,Severobaykalsk,RU,2022-09-27 02:44:46,55.65,109.3167,38.16,62,10,7.02,Clear
614,Araioses,BR,2022-09-27 02:44:46,-2.89,-41.9031,77.7,82,3,10.4,Clear
615,Maragogi,BR,2022-09-27 02:44:47,-9.0122,-35.2225,73.13,76,8,7.45,Clear
616,Vigrestad,NO,2022-09-27 02:44:47,58.5667,5.7,47.88,70,100,8.34,Clouds
617,Mafinga,TZ,2022-09-27 02:44:47,-7.25,35.0667,65.89,62,5,3.15,Clear
618,Nantucket,US,2022-09-27 02:44:47,41.2835,-70.0995,66.99,94,0,12.66,Clear
619,Anahuac,MX,2022-09-27 02:44:48,27.2333,-100.15,74.68,75,48,20.42,Clouds
620,Baraki Barak,AF,2022-09-27 02:44:48,33.9675,68.9486,61.03,20,0,1.07,Clear
621,Nagornskiy,RU,2022-09-27 02:44:48,58.7731,57.5451,21.78,70,21,6.62,Clouds
622,Kameno,BG,2022-09-27 02:44:48,42.5667,27.3,64.69,77,100,10.36,Clouds
623,Broome,US,2022-09-27 02:44:49,42.2506,-75.833,54.01,80,0,11.5,Clear
624,Hibbing,US,2022-09-27 02:44:49,47.4272,-92.9377,44.2,60,0,4.61,Clear
625,Prince Rupert,CA,2022-09-27 02:40:05,54.3161,-130.3201,60.89,100,100,23.02,Clouds
626,Sao Gabriel Da Cachoeira,BR,2022-09-27 02:44:49,-0.1303,-67.0892,73.96,89,28,0.47,Clouds
627,Mahibadhoo,MV,2022-09-27 02:44:50,3.7833,72.9667,83.07,70,95,15.84,Clouds
628,Benguela,AO,2022-09-27 02:44:50,-12.5763,13.4055,70.03,83,75,1.5,Clouds
629,Moundsville,US,2022-09-27 02:44:50,39.9203,-80.7431,55.35,86,26,6.31,Clouds
630,Ambovombe,MG,2022-09-27 02:44:51,-25.1667,46.0833,69.44,68,0,5.44,Clear
631,High Rock,BS,2022-09-27 02:44:51,26.6208,-78.2833,75.22,84,100,2.13,Rain
632,Pangnirtung,CA,2022-09-27 02:44:51,66.1451,-65.7125,37.87,58,22,0.83,Clouds
633,Ancud,CL,2022-09-27 02:44:51,-41.8697,-73.8203,42.22,85,17,6.04,Clouds
634,Big Spring,US,2022-09-27 02:44:52,32.2504,-101.4787,74.23,33,0,9.22,Clear
635,Careiro Da Varzea,BR,2022-09-27 02:44:52,-3.2003,-59.8119,84.83,63,49,3.24,Clouds
636,Polazna,RU,2022-09-27 02:44:52,58.2946,56.4055,25.99,87,12,4.94,Clouds
637,Cam Ranh,VN,2022-09-27 02:44:52,11.9214,109.1591,84.16,65,40,4.61,Clouds
638,Yeppoon,AU,2022-09-27 02:44:53,-23.1333,150.7333,82.18,58,6,12.17,Clear
639,Flin Flon,CA,2022-09-27 02:45:53,54.7682,-101.865,45.75,66,11,5.3,Clouds
640,Bang Saphan,TH,2022-09-27 02:45:54,11.2126,99.5117,84.7,67,100,7.9,Clouds
641,Sebring,US,2022-09-27 02:45:54,27.4956,-81.4409,76.89,91,0,0.0,Clear
642,Redcar,GB,2022-09-27 02:45:54,54.6166,-1.06,42.78,65,20,5.01,Clouds
643,Karaton,ID,2022-09-27 02:45:54,-6.3424,106.1045,87.1,59,78,1.23,Clouds
644,Anchorage,US,2022-09-27 02:44:59,61.2181,-149.9003,50.09,84,100,15.01,Rain
645,Oussouye,SN,2022-09-27 02:45:55,12.485,-16.5469,76.87,86,99,5.97,Rain
646,Kalmunai,LK,2022-09-27 02:45:55,7.4167,81.8167,83.43,70,34,1.05,Clouds
647,Strai,NO,2022-09-27 02:45:55,58.2,7.9,45.19,97,100,2.3,Fog
648,Banjarmasin,ID,2022-09-27 02:45:56,-3.3244,114.591,87.94,56,98,4.21,Clouds
649,Homestead,US,2022-09-27 02:45:56,25.4687,-80.4776,76.01,97,100,8.05,Rain
650,Santa Cruz De La Palma,ES,2022-09-27 02:45:56,28.6835,-17.7642,70.14,78,75,14.97,Clouds
651,Luau,AO,2022-09-27 02:45:57,-10.7073,22.2247,69.4,58,70,4.27,Clouds
652,Tiarei,PF,2022-09-27 02:45:57,-17.5333,-149.3333,84.22,75,2,14.43,Clear
653,Beinamar,TD,2022-09-27 02:45:57,8.6698,15.3813,69.96,99,100,3.76,Rain
654,Ola,RU,2022-09-27 02:45:57,59.5833,151.2833,48.15,61,100,14.43,Clouds
655,Presidencia Roque Saenz Pena,AR,2022-09-27 02:45:58,-26.7852,-60.4388,64.47,57,0,6.46,Clear
656,Kankaanpaa,FI,2022-09-27 02:45:58,61.8,22.4167,47.16,95,37,9.24,Clouds
657,Maarianhamina,AX,2022-09-27 02:45:58,60.0973,19.9348,53.46,87,20,8.05,Clouds
658,Usinsk,RU,2022-09-27 02:45:59,65.9939,57.5281,28.94,68,99,5.73,Clouds
659,Byron Bay,AU,2022-09-27 02:45:59,-28.65,153.6167,78.71,59,64,15.7,Clouds
660,Asyut,EG,2022-09-27 02:45:18,27.181,31.1837,84.7,23,0,6.53,Clear
661,Burias,PH,2022-09-27 02:45:59,11.4463,122.5497,88.84,72,100,6.49,Clouds
662,Bridlington,GB,2022-09-27 02:45:59,54.0831,-0.1919,43.9,79,11,15.05,Clouds
663,Skender Vakuf,BA,2022-09-27 02:46:00,44.4908,17.3775,48.47,97,100,5.3,Clouds
664,Fort Nelson,CA,2022-09-27 02:45:29,58.8053,-122.7002,53.19,100,75,4.61,Clouds
665,Severomuysk,RU,2022-09-27 02:46:00,56.1481,113.4267,25.84,78,94,9.62,Snow
666,Tres Arroyos,AR,2022-09-27 02:46:01,-38.3739,-60.2798,51.93,68,71,7.4,Clouds
667,Tianpeng,CN,2022-09-27 02:46:01,30.9866,103.9393,66.67,78,100,1.86,Clouds
668,Carbondale,US,2022-09-27 02:46:01,37.7273,-89.2168,55.4,61,0,0.0,Clear
669,Mildura,AU,2022-09-27 02:46:01,-34.2,142.15,58.06,72,84,16.11,Rain
670,Baykit,RU,2022-09-27 02:46:02,61.67,96.37,33.98,70,67,1.39,Clouds
671,La Sarre,CA,2022-09-27 02:46:02,48.8002,-79.1996,48.43,94,100,6.55,Clouds
672,Green River,US,2022-09-27 02:46:02,41.5286,-109.4662,72.0,31,4,1.01,Clear
673,Ajdabiya,LY,2022-09-27 02:46:03,30.7554,20.2263,75.97,46,2,10.25,Clear
674,Brekstad,NO,2022-09-27 02:46:03,63.687,9.6654,55.49,62,0,21.85,Clear
675,Mwinilunga,ZM,2022-09-27 02:46:03,-11.7358,24.4293,64.2,47,91,1.81,Clouds
676,Tanete,ID,2022-09-27 02:46:04,-3.9443,119.7848,90.55,47,37,8.77,Clouds
677,Xai-Xai,MZ,2022-09-27 02:46:04,-25.0519,33.6442,68.56,94,0,4.56,Clear
678,Ambilobe,MG,2022-09-27 02:46:04,-13.2,49.05,65.84,70,5,4.9,Clear
679,Mae Sai,TH,2022-09-27 02:46:05,20.4335,99.8762,82.31,72,12,1.16,Clouds
680,Raga,SS,2022-09-27 02:46:05,8.4596,25.678,68.43,94,100,3.06,Clouds
681,Morondava,MG,2022-09-27 02:46:05,-20.2833,44.2833,71.83,83,0,5.68,Clear
682,Puerto Escondido,MX,2022-09-27 02:46:05,15.85,-97.0667,79.12,84,66,3.76,Clouds
683,Zemio,CF,2022-09-27 02:46:06,5.0314,25.1361,66.87,99,100,2.95,Rain
684,Bayanday,RU,2022-09-27 02:46:06,53.0661,105.5139,38.98,60,100,4.05,Clouds
685,Trinidad,BO,2022-09-27 02:47:06,-14.8333,-64.9,75.34,78,39,3.49,Clouds
686,Zima,RU,2022-09-27 02:47:07,53.9202,102.0442,37.6,72,100,4.68,Clouds
687,Gigmoto,PH,2022-09-27 02:47:07,13.7796,124.39,85.55,70,100,9.19,Clouds
688,Sterlibashevo,RU,2022-09-27 02:47:07,53.4376,55.2578,45.86,87,100,6.35,Clouds
689,Pangai,TO,2022-09-27 02:47:08,-19.8,-174.35,78.91,73,75,12.66,Clouds
690,Kazuno,JP,2022-09-27 02:47:08,40.1836,140.7872,70.84,42,89,2.59,Clouds
691,Luganville,VU,2022-09-27 02:47:08,-15.5333,167.1667,84.69,68,14,9.57,Clouds
692,Ondjiva,AO,2022-09-27 02:47:09,-17.0667,15.7333,62.04,23,20,6.06,Clouds
693,Abonnema,NG,2022-09-27 02:47:09,4.7084,6.7931,73.69,96,100,3.4,Clouds
694,Mackay,AU,2022-09-27 02:46:23,-21.15,149.2,83.68,63,1,9.15,Clear
695,Rach Gia,VN,2022-09-27 02:47:09,10.0167,105.0833,82.26,78,100,15.03,Rain
696,Cap Malheureux,MU,2022-09-27 02:47:09,-19.9842,57.6142,70.47,66,42,7.0,Clouds
697,Los Llanos De Aridane,ES,2022-09-27 02:47:10,28.6585,-17.9182,66.13,80,75,17.0,Clouds
698,Avera,US,2022-09-27 02:47:10,33.194,-82.5271,65.71,51,3,7.18,Clear
699,San Carlos De Bariloche,AR,2022-09-27 02:46:29,-41.1456,-71.3082,40.75,56,0,9.22,Clear
700,Batemans Bay,AU,2022-09-27 02:46:08,-35.7167,150.1833,62.1,73,100,8.66,Rain
701,Acarau,BR,2022-09-27 02:47:10,-2.8856,-40.12,78.15,82,26,15.35,Clouds
702,Chisec,GT,2022-09-27 02:47:11,15.8167,-90.2833,71.06,99,81,2.66,Clouds
703,Houma,US,2022-09-27 02:44:34,29.5958,-90.7195,79.0,77,0,6.91,Clear
704,Padang,ID,2022-09-27 02:47:11,-0.9492,100.3543,84.25,75,98,3.36,Clouds
705,Encheng,CN,2022-09-27 02:47:11,22.1839,112.3026,89.96,57,76,12.5,Clouds
706,Mitsamiouli,KM,2022-09-27 02:47:12,-11.3847,43.2844,74.84,80,13,10.45,Clouds
707,Oskarshamn,SE,2022-09-27 02:47:12,57.2645,16.4484,52.99,74,100,11.52,Clouds
708,Cabra,ES,2022-09-27 02:47:12,37.4725,-4.4421,58.55,62,0,2.37,Clear
709,Liaoyang,CN,2022-09-27 02:47:13,41.2719,123.1731,75.52,43,0,7.16,Clear
710,Massakory,TD,2022-09-27 02:47:13,12.996,15.7293,79.23,72,92,11.95,Rain
711,Tevaitoa,PF,2022-09-27 02:47:13,-16.7833,-151.5,78.22,72,1,13.53,Clear
712,Yamaga,JP,2022-09-27 02:47:13,33.0167,130.6833,73.58,95,100,2.91,Rain
713,Chapais,CA,2022-09-27 02:47:14,49.7834,-74.8492,51.58,84,98,4.16,Clouds
714,Qaqortoq,GL,2022-09-27 02:47:14,60.7167,-46.0333,43.47,93,100,17.07,Clouds
715,Havoysund,NO,2022-09-27 02:47:14,70.9963,24.6622,48.43,83,33,19.93,Clouds
716,Oranjemund,NA,2022-09-27 02:47:15,-28.55,16.4333,52.16,89,0,2.62,Clear
717,Olafsvik,IS,2022-09-27 02:47:15,64.8945,-23.7142,44.1,47,100,10.38,Clouds
718,Markova,UA,2022-09-27 02:47:15,48.6758,24.4138,51.46,94,97,0.18,Clouds
719,Zhezkazgan,KZ,2022-09-27 02:47:15,47.8043,67.7144,46.38,61,0,11.18,Clear
720,Slavonski Brod,HR,2022-09-27 02:47:16,45.1603,18.0156,54.37,98,29,1.79,Clouds
